Isolate Number ,Allele,WELL 1,WELL 2,WELL C,WELL D ,SUM
1,WT,1,0,0,0,1
2,WT,1,0,0,0,1
3,WT,1,0,0,0,1
4,WT,1,0,0,0,1
5,WT,1,0,0,0,1
6,WT,1,0,0,0,1
7,TR34/L98H,1,0.5,0,0,1.5
8,TR34/L98H,1,1,0,0,2
9,TR34/L98H,1,1,0.5,0,2.5
10,TR34/L98H,1,0.5,0,0,1.5
11,TR34/L98H,1,1,0,0,2
12,TR34/L98H,1,1,0.5,0,2.5
13,TR46/Y121F/T289A,1,1,1,0,3
14,TR46/Y121F/T289A,1,1,1,0.5,3.5
15,TR46/Y121F/T289A,1,1,1,1,4
16,TR46/Y121F/T289A,1,1,1,0,3
17,TR46/Y121F/T289A,1,1,1,0.5,3.5
18,TR46/Y121F/T289A,1,1,1,1,4